method,round,labels,avg_acc,acc_tuple,top_k
passive_random,1,206,0.5512321660181582,"[0.5603112840466926, 0.5486381322957199, 0.5447470817120622]",2
passive_random,2,216,0.569390402075227,"[0.5758754863813229, 0.566147859922179, 0.566147859922179]",2
passive_random,3,226,0.5758754863813229,"[0.5719844357976653, 0.5778210116731517, 0.5778210116731517]",2
passive_random,4,236,0.5810635538261997,"[0.5914396887159533, 0.5778210116731517, 0.5739299610894941]",2
passive_random,5,246,0.5959792477302205,"[0.5992217898832685, 0.5972762645914397, 0.5914396887159533]",2
passive_random,6,256,0.5992217898832685,"[0.6050583657587548, 0.5992217898832685, 0.5933852140077821]",2
passive_random,7,266,0.5946822308690013,"[0.5953307392996109, 0.5972762645914397, 0.5914396887159533]",2
passive_random,8,276,0.5985732814526589,"[0.603112840466926, 0.5972762645914397, 0.5953307392996109]",2
passive_random,9,286,0.6070038910505836,"[0.6089494163424124, 0.6070038910505836, 0.6050583657587548]",2
passive_random,10,296,0.6018158236057068,"[0.603112840466926, 0.6011673151750972, 0.6011673151750972]",2
passive_random,11,306,0.6108949416342413,"[0.6206225680933852, 0.6070038910505836, 0.6050583657587548]",2
passive_random,12,316,0.6232166018158236,"[0.6245136186770428, 0.6245136186770428, 0.6206225680933852]",2
passive_random,13,326,0.6173800259403373,"[0.6264591439688716, 0.6206225680933852, 0.6050583657587548]",2
passive_random,14,336,0.6219195849546044,"[0.6167315175097277, 0.6245136186770428, 0.6245136186770428]",2
passive_random,15,346,0.62905317769131,"[0.6303501945525292, 0.6284046692607004, 0.6284046692607004]",2
passive_random,16,356,0.6335927367055771,"[0.6342412451361867, 0.6361867704280155, 0.6303501945525292]",2
passive_random,17,366,0.6297016861219196,"[0.6303501945525292, 0.6264591439688716, 0.632295719844358]",2
passive_random,18,376,0.6407263294422827,"[0.6381322957198443, 0.6400778210116731, 0.6439688715953308]",2
passive_random,19,386,0.6400778210116731,"[0.6361867704280155, 0.6381322957198443, 0.6459143968871596]",2
passive_random,20,396,0.6446173800259404,"[0.6498054474708171, 0.6517509727626459, 0.632295719844358]",2
passive_random,21,406,0.6400778210116731,"[0.6361867704280155, 0.6459143968871596, 0.6381322957198443]",2
passive_random,22,416,0.6523994811932555,"[0.6556420233463035, 0.6498054474708171, 0.6517509727626459]",2
passive_random,23,426,0.64526588845655,"[0.6459143968871596, 0.6459143968871596, 0.6439688715953308]",2
passive_random,24,436,0.6608300907911803,"[0.6614785992217899, 0.6634241245136187, 0.6575875486381323]",2
passive_random,25,446,0.6705577172503242,"[0.6750972762645915, 0.6712062256809338, 0.6653696498054474]",2
passive_random,26,456,0.666018158236057,"[0.6673151750972762, 0.6634241245136187, 0.6673151750972762]",2
passive_random,27,466,0.6731517509727626,"[0.669260700389105, 0.6750972762645915, 0.6750972762645915]",2
passive_random,28,476,0.6776913099870298,"[0.6789883268482491, 0.6789883268482491, 0.6750972762645915]",2
passive_random,29,486,0.6815823605706873,"[0.6828793774319066, 0.6731517509727627, 0.688715953307393]",2
passive_random,30,496,0.6796368352788585,"[0.6809338521400778, 0.6750972762645915, 0.6828793774319066]",2
passive_random,31,506,0.7029831387808042,"[0.708171206225681, 0.6945525291828794, 0.7062256809338522]",2
passive_random,32,516,0.698443579766537,"[0.6945525291828794, 0.688715953307393, 0.7120622568093385]",2
passive_random,33,526,0.7055771725032426,"[0.7003891050583657, 0.7101167315175098, 0.7062256809338522]",2
passive_random,34,536,0.704928664072633,"[0.7062256809338522, 0.708171206225681, 0.7003891050583657]",2
passive_random,35,546,0.7101167315175098,"[0.708171206225681, 0.7198443579766537, 0.7023346303501945]",2
passive_random,36,556,0.7166018158236057,"[0.7101167315175098, 0.7237354085603113, 0.7159533073929961]",2
passive_random,37,566,0.7133592736705577,"[0.7120622568093385, 0.7159533073929961, 0.7120622568093385]",2
passive_random,38,576,0.7178988326848249,"[0.7217898832684825, 0.7101167315175098, 0.7217898832684825]",2
passive_random,39,586,0.72568093385214,"[0.7295719844357976, 0.7237354085603113, 0.7237354085603113]",2
passive_random,40,596,0.7250324254215305,"[0.7315175097276264, 0.7217898832684825, 0.7217898832684825]",2
passive_random,41,606,0.7321660181582361,"[0.7373540856031129, 0.7276264591439688, 0.7315175097276264]",2
passive_random,42,616,0.7328145265888457,"[0.7334630350194552, 0.7373540856031129, 0.7276264591439688]",2
passive_random,43,626,0.7354085603112841,"[0.7392996108949417, 0.7334630350194552, 0.7334630350194552]",2
passive_random,44,636,0.7425421530479897,"[0.7412451361867705, 0.7412451361867705, 0.745136186770428]",2
passive_random,45,646,0.7412451361867705,"[0.7431906614785992, 0.7354085603112841, 0.745136186770428]",2
passive_random,46,656,0.7529182879377432,"[0.754863813229572, 0.745136186770428, 0.7587548638132295]",2
passive_random,47,666,0.7490272373540856,"[0.754863813229572, 0.7470817120622568, 0.745136186770428]",2
passive_random,48,676,0.7574578469520103,"[0.7509727626459144, 0.7626459143968871, 0.7587548638132295]",2
passive_random,49,686,0.7561608300907912,"[0.7568093385214008, 0.7568093385214008, 0.754863813229572]",2
passive_random,50,696,0.7568093385214008,"[0.754863813229572, 0.7645914396887159, 0.7509727626459144]",2
passive_random,51,706,0.7619974059662775,"[0.754863813229572, 0.7587548638132295, 0.7723735408560312]",2
passive_random,52,716,0.7594033722438391,"[0.7568093385214008, 0.7645914396887159, 0.7568093385214008]",2
passive_random,53,726,0.7652399481193255,"[0.7665369649805448, 0.7587548638132295, 0.7704280155642024]",2
passive_random,54,736,0.7626459143968871,"[0.7645914396887159, 0.7607003891050583, 0.7626459143968871]",2
passive_random,55,746,0.7645914396887159,"[0.77431906614786, 0.7568093385214008, 0.7626459143968871]",2
passive_random,56,756,0.7671854734111543,"[0.7684824902723736, 0.7684824902723736, 0.7645914396887159]",2
passive_random,57,766,0.7671854734111543,"[0.7723735408560312, 0.7607003891050583, 0.7684824902723736]",2
passive_random,58,776,0.7658884565499351,"[0.7704280155642024, 0.7665369649805448, 0.7607003891050583]",2
passive_random,59,786,0.7697795071335927,"[0.7723735408560312, 0.7626459143968871, 0.77431906614786]",2
passive_random,60,796,0.7756160830090791,"[0.7762645914396887, 0.7821011673151751, 0.7684824902723736]",2
passive_random,61,806,0.7652399481193255,"[0.7568093385214008, 0.7704280155642024, 0.7684824902723736]",2
passive_random,62,816,0.7717250324254216,"[0.7684824902723736, 0.7704280155642024, 0.7762645914396887]",2
passive_random,63,826,0.77431906614786,"[0.7762645914396887, 0.7684824902723736, 0.7782101167315175]",2
passive_random,64,836,0.772373540856031,"[0.7801556420233463, 0.77431906614786, 0.7626459143968871]",2
passive_random,65,846,0.7723735408560312,"[0.77431906614786, 0.7665369649805448, 0.7762645914396887]",2
passive_random,66,856,0.7808041504539559,"[0.7879377431906615, 0.7762645914396887, 0.7782101167315175]",2
passive_random,67,866,0.77431906614786,"[0.7723735408560312, 0.7762645914396887, 0.77431906614786]",2
passive_random,68,876,0.7782101167315175,"[0.7782101167315175, 0.7801556420233463, 0.7762645914396887]",2
passive_random,69,886,0.7665369649805447,"[0.7645914396887159, 0.7665369649805448, 0.7684824902723736]",2
passive_random,70,896,0.7684824902723735,"[0.7801556420233463, 0.745136186770428, 0.7801556420233463]",2
passive_random,71,906,0.7730220492866408,"[0.7782101167315175, 0.7684824902723736, 0.7723735408560312]",2
passive_random,72,916,0.7749675745784695,"[0.77431906614786, 0.7782101167315175, 0.7723735408560312]",2
passive_random,73,926,0.7821011673151751,"[0.7821011673151751, 0.77431906614786, 0.7898832684824902]",2
passive_random,74,936,0.7775616083009079,"[0.77431906614786, 0.7801556420233463, 0.7782101167315175]",2
passive_random,75,946,0.7827496757457847,"[0.7879377431906615, 0.7684824902723736, 0.791828793774319]",2
passive_random,76,956,0.7782101167315175,"[0.7782101167315175, 0.77431906614786, 0.7821011673151751]",2
passive_random,77,966,0.7730220492866408,"[0.7723735408560312, 0.7723735408560312, 0.77431906614786]",2
passive_random,78,976,0.7814526588845655,"[0.7762645914396887, 0.7762645914396887, 0.791828793774319]",2
passive_random,79,986,0.7775616083009079,"[0.7762645914396887, 0.7782101167315175, 0.7782101167315175]",2
passive_random,80,996,0.788586251621271,"[0.7898832684824902, 0.7859922178988327, 0.7898832684824902]",2
passive_random,81,1006,0.7866407263294423,"[0.7723735408560312, 0.7801556420233463, 0.8073929961089494]",2
passive_random,82,1016,0.7905317769130998,"[0.791828793774319, 0.7782101167315175, 0.8015564202334631]",2
passive_random,83,1026,0.7846952010376135,"[0.7879377431906615, 0.7782101167315175, 0.7879377431906615]",2
passive_random,84,1036,0.7821011673151751,"[0.7898832684824902, 0.7801556420233463, 0.7762645914396887]",2
passive_random,85,1046,0.7866407263294423,"[0.7840466926070039, 0.7782101167315175, 0.7976653696498055]",2
passive_random,86,1056,0.7866407263294423,"[0.7684824902723736, 0.7937743190661478, 0.7976653696498055]",2
passive_random,87,1066,0.7898832684824902,"[0.7840466926070039, 0.7879377431906615, 0.7976653696498055]",2
passive_random,88,1076,0.7840466926070039,"[0.7704280155642024, 0.7840466926070039, 0.7976653696498055]",2
passive_random,89,1086,0.7905317769130998,"[0.7821011673151751, 0.7859922178988327, 0.8035019455252919]",2
passive_random,90,1096,0.8060959792477304,"[0.7937743190661478, 0.8015564202334631, 0.8229571984435797]",2
passive_random,91,1106,0.7944228274967574,"[0.7976653696498055, 0.7898832684824902, 0.7957198443579766]",2
passive_random,92,1116,0.7963683527885864,"[0.7996108949416343, 0.7898832684824902, 0.7996108949416343]",2
passive_random,93,1126,0.800259403372244,"[0.7996108949416343, 0.7957198443579766, 0.8054474708171206]",2
passive_random,94,1136,0.7983138780804152,"[0.8015564202334631, 0.7937743190661478, 0.7996108949416343]",2
passive_random,95,1146,0.8015564202334632,"[0.7898832684824902, 0.8035019455252919, 0.811284046692607]",2
passive_random,96,1156,0.788586251621271,"[0.7821011673151751, 0.7859922178988327, 0.7976653696498055]",2
passive_random,97,1166,0.7983138780804152,"[0.7976653696498055, 0.7937743190661478, 0.8035019455252919]",2
passive_random,98,1176,0.8022049286640728,"[0.7996108949416343, 0.791828793774319, 0.8151750972762646]",2
passive_random,99,1186,0.797016861219196,"[0.7976653696498055, 0.7840466926070039, 0.8093385214007782]",2
passive_random,100,1196,0.8009079118028536,"[0.8015564202334631, 0.7976653696498055, 0.8035019455252919]",2
passive_ordered,1,205,0.44422827496757455,"[0.44357976653696496, 0.4474708171206226, 0.44163424124513617]",2
passive_ordered,2,215,0.44552529182879375,"[0.44357976653696496, 0.4396887159533074, 0.45330739299610895]",2
passive_ordered,3,225,0.45525291828793774,"[0.45330739299610895, 0.45525291828793774, 0.4571984435797665]",2
passive_ordered,4,235,0.45330739299610895,"[0.45330739299610895, 0.45330739299610895, 0.45330739299610895]",2
passive_ordered,5,245,0.45460440985732814,"[0.45525291828793774, 0.45525291828793774, 0.45330739299610895]",2
passive_ordered,6,255,0.46692607003891046,"[0.4669260700389105, 0.4669260700389105, 0.4669260700389105]",2
passive_ordered,7,265,0.5103761348897535,"[0.5077821011673151, 0.5097276264591439, 0.5136186770428015]",2
passive_ordered,8,275,0.5265888456549935,"[0.5311284046692607, 0.519455252918288, 0.5291828793774319]",2
passive_ordered,9,285,0.5324254215304799,"[0.519455252918288, 0.5330739299610895, 0.5447470817120622]",2
passive_ordered,10,295,0.5525291828793775,"[0.5544747081712063, 0.5486381322957199, 0.5544747081712063]",2
passive_ordered,11,305,0.5505836575875487,"[0.5505836575875487, 0.5525291828793775, 0.5486381322957199]",2
passive_ordered,12,315,0.5804150453955902,"[0.5797665369649806, 0.585603112840467, 0.5758754863813229]",2
passive_ordered,13,325,0.5830090791180286,"[0.5778210116731517, 0.5875486381322957, 0.5836575875486382]",2
passive_ordered,14,335,0.5933852140077821,"[0.5992217898832685, 0.5875486381322957, 0.5933852140077821]",2
passive_ordered,15,345,0.5920881971465629,"[0.5933852140077821, 0.5875486381322957, 0.5953307392996109]",2
passive_ordered,16,355,0.5933852140077821,"[0.5953307392996109, 0.5972762645914397, 0.5875486381322957]",2
passive_ordered,17,365,0.6076523994811933,"[0.6128404669260701, 0.6070038910505836, 0.603112840466926]",2
passive_ordered,18,375,0.6083009079118029,"[0.6167315175097277, 0.6089494163424124, 0.5992217898832685]",2
passive_ordered,19,385,0.5998702983138781,"[0.6089494163424124, 0.6011673151750972, 0.5894941634241245]",2
passive_ordered,20,395,0.6057068741893645,"[0.5972762645914397, 0.6206225680933852, 0.5992217898832685]",2
passive_ordered,21,405,0.6070038910505837,"[0.6050583657587548, 0.6186770428015564, 0.5972762645914397]",2
passive_ordered,22,415,0.5979247730220493,"[0.6011673151750972, 0.5972762645914397, 0.5953307392996109]",2
passive_ordered,23,425,0.6076523994811933,"[0.6108949416342413, 0.6070038910505836, 0.6050583657587548]",2
passive_ordered,24,435,0.6128404669260701,"[0.6050583657587548, 0.622568093385214, 0.6108949416342413]",2
passive_ordered,25,445,0.6134889753566797,"[0.6108949416342413, 0.6186770428015564, 0.6108949416342413]",2
passive_ordered,26,455,0.62905317769131,"[0.6478599221789884, 0.6245136186770428, 0.6147859922178989]",2
passive_ordered,27,465,0.6199740596627756,"[0.6147859922178989, 0.6167315175097277, 0.6284046692607004]",2
passive_ordered,28,475,0.625810635538262,"[0.6206225680933852, 0.6186770428015564, 0.6381322957198443]",2
passive_ordered,29,485,0.6309987029831388,"[0.632295719844358, 0.6284046692607004, 0.632295719844358]",2
passive_ordered,30,495,0.6400778210116731,"[0.6303501945525292, 0.6400778210116731, 0.6498054474708171]",2
passive_ordered,31,505,0.6355382619974059,"[0.632295719844358, 0.6361867704280155, 0.6381322957198443]",2
passive_ordered,32,515,0.6361867704280155,"[0.642023346303502, 0.6342412451361867, 0.632295719844358]",2
passive_ordered,33,525,0.6413748378728923,"[0.6517509727626459, 0.6342412451361867, 0.6381322957198443]",2
passive_ordered,34,535,0.6400778210116731,"[0.6361867704280155, 0.6381322957198443, 0.6459143968871596]",2
passive_ordered,35,545,0.632295719844358,"[0.6361867704280155, 0.6264591439688716, 0.6342412451361867]",2
passive_ordered,36,555,0.6173800259403373,"[0.6128404669260701, 0.6128404669260701, 0.6264591439688716]",2
passive_ordered,37,565,0.6232166018158236,"[0.6284046692607004, 0.6167315175097277, 0.6245136186770428]",2
passive_ordered,38,575,0.6167315175097277,"[0.6147859922178989, 0.6128404669260701, 0.622568093385214]",2
passive_ordered,39,585,0.6465629053177692,"[0.6517509727626459, 0.6439688715953308, 0.6439688715953308]",2
passive_ordered,40,595,0.6394293125810635,"[0.6400778210116731, 0.6245136186770428, 0.6536964980544747]",2
passive_ordered,41,605,0.6517509727626459,"[0.6595330739299611, 0.6478599221789884, 0.6478599221789884]",2
passive_ordered,42,615,0.6549935149156938,"[0.6614785992217899, 0.6361867704280155, 0.6673151750972762]",2
passive_ordered,43,625,0.6549935149156939,"[0.669260700389105, 0.6517509727626459, 0.6439688715953308]",2
passive_ordered,44,635,0.6783398184176394,"[0.6926070038910506, 0.6731517509727627, 0.669260700389105]",2
passive_ordered,45,645,0.6666666666666666,"[0.6673151750972762, 0.6614785992217899, 0.6712062256809338]",2
passive_ordered,46,655,0.6854734111543449,"[0.6731517509727627, 0.708171206225681, 0.6750972762645915]",2
passive_ordered,47,665,0.6971465629053176,"[0.6984435797665369, 0.6926070038910506, 0.7003891050583657]",2
passive_ordered,48,675,0.6913099870298313,"[0.6867704280155642, 0.6867704280155642, 0.7003891050583657]",2
passive_ordered,49,685,0.696498054474708,"[0.7042801556420234, 0.6926070038910506, 0.6926070038910506]",2
passive_ordered,50,695,0.699740596627756,"[0.7003891050583657, 0.7003891050583657, 0.6984435797665369]",2
passive_ordered,51,705,0.7055771725032426,"[0.7140077821011673, 0.7062256809338522, 0.6964980544747081]",2
passive_ordered,52,715,0.711413748378729,"[0.7101167315175098, 0.7062256809338522, 0.7178988326848249]",2
passive_ordered,53,725,0.7140077821011673,"[0.7198443579766537, 0.7023346303501945, 0.7198443579766537]",2
passive_ordered,54,735,0.7107652399481194,"[0.7042801556420234, 0.7062256809338522, 0.7217898832684825]",2
passive_ordered,55,745,0.7159533073929961,"[0.7140077821011673, 0.72568093385214, 0.708171206225681]",2
passive_ordered,56,755,0.7166018158236057,"[0.72568093385214, 0.7159533073929961, 0.708171206225681]",2
passive_ordered,57,765,0.7237354085603113,"[0.7276264591439688, 0.72568093385214, 0.7178988326848249]",2
passive_ordered,58,775,0.7243839169909209,"[0.72568093385214, 0.7217898832684825, 0.72568093385214]",2
passive_ordered,59,785,0.7503242542153048,"[0.7684824902723736, 0.7529182879377432, 0.7295719844357976]",2
passive_ordered,60,795,0.751621271076524,"[0.7490272373540856, 0.7490272373540856, 0.7568093385214008]",2
passive_ordered,61,805,0.7308690012970169,"[0.7295719844357976, 0.7392996108949417, 0.7237354085603113]",2
passive_ordered,62,815,0.7444876783398184,"[0.7315175097276264, 0.754863813229572, 0.7470817120622568]",2
passive_ordered,63,825,0.7431906614785992,"[0.7373540856031129, 0.7431906614785992, 0.7490272373540856]",2
passive_ordered,64,835,0.7503242542153048,"[0.7490272373540856, 0.7509727626459144, 0.7509727626459144]",2
passive_ordered,65,845,0.7392996108949417,"[0.7529182879377432, 0.7217898832684825, 0.7431906614785992]",2
passive_ordered,66,855,0.7561608300907912,"[0.7568093385214008, 0.7529182879377432, 0.7587548638132295]",2
passive_ordered,67,865,0.7594033722438391,"[0.7607003891050583, 0.7509727626459144, 0.7665369649805448]",2
passive_ordered,68,875,0.7632944228274967,"[0.7587548638132295, 0.7626459143968871, 0.7684824902723736]",2
passive_ordered,69,885,0.7749675745784695,"[0.7762645914396887, 0.7782101167315175, 0.7704280155642024]",2
passive_ordered,70,895,0.7782101167315175,"[0.7801556420233463, 0.7723735408560312, 0.7821011673151751]",2
passive_ordered,71,905,0.772373540856031,"[0.7801556420233463, 0.7801556420233463, 0.7568093385214008]",2
passive_ordered,72,915,0.7821011673151751,"[0.7821011673151751, 0.7898832684824902, 0.77431906614786]",2
passive_ordered,73,925,0.7762645914396886,"[0.7937743190661478, 0.77431906614786, 0.7607003891050583]",2
passive_ordered,74,935,0.7749675745784695,"[0.7782101167315175, 0.7704280155642024, 0.7762645914396887]",2
passive_ordered,75,945,0.7782101167315175,"[0.7859922178988327, 0.7684824902723736, 0.7801556420233463]",2
passive_ordered,76,955,0.7853437094682231,"[0.7898832684824902, 0.7762645914396887, 0.7898832684824902]",2
passive_ordered,77,965,0.7846952010376135,"[0.7937743190661478, 0.7801556420233463, 0.7801556420233463]",2
passive_ordered,78,975,0.7814526588845655,"[0.7859922178988327, 0.77431906614786, 0.7840466926070039]",2
passive_ordered,79,985,0.7840466926070039,"[0.7821011673151751, 0.77431906614786, 0.7957198443579766]",2
passive_ordered,80,995,0.7892347600518806,"[0.7898832684824902, 0.7898832684824902, 0.7879377431906615]",2
passive_ordered,81,1005,0.7859922178988327,"[0.7957198443579766, 0.7821011673151751, 0.7801556420233463]",2
passive_ordered,82,1015,0.7821011673151751,"[0.7840466926070039, 0.7859922178988327, 0.7762645914396887]",2
passive_ordered,83,1025,0.7859922178988327,"[0.7840466926070039, 0.7821011673151751, 0.791828793774319]",2
passive_ordered,84,1035,0.7821011673151751,"[0.7801556420233463, 0.7840466926070039, 0.7821011673151751]",2
passive_ordered,85,1045,0.7859922178988327,"[0.7957198443579766, 0.7976653696498055, 0.7645914396887159]",2
passive_ordered,86,1055,0.7963683527885862,"[0.7976653696498055, 0.7996108949416343, 0.791828793774319]",2
passive_ordered,87,1065,0.7970168612191958,"[0.7937743190661478, 0.7898832684824902, 0.8073929961089494]",2
passive_ordered,88,1075,0.791828793774319,"[0.8054474708171206, 0.7996108949416343, 0.7704280155642024]",2
passive_ordered,89,1085,0.7853437094682231,"[0.7898832684824902, 0.791828793774319, 0.77431906614786]",2
passive_ordered,90,1095,0.8067444876783397,"[0.8132295719844358, 0.811284046692607, 0.7957198443579766]",2
passive_ordered,91,1105,0.8093385214007783,"[0.8073929961089494, 0.811284046692607, 0.8093385214007782]",2
passive_ordered,92,1115,0.7989623865110248,"[0.7879377431906615, 0.7976653696498055, 0.811284046692607]",2
passive_ordered,93,1125,0.7976653696498056,"[0.7996108949416343, 0.7957198443579766, 0.7976653696498055]",2
passive_ordered,94,1135,0.7983138780804152,"[0.791828793774319, 0.8015564202334631, 0.8015564202334631]",2
passive_ordered,95,1145,0.8060959792477304,"[0.811284046692607, 0.8054474708171206, 0.8015564202334631]",2
passive_ordered,96,1155,0.7963683527885864,"[0.7840466926070039, 0.8035019455252919, 0.8015564202334631]",2
passive_ordered,97,1165,0.8041504539559016,"[0.8015564202334631, 0.811284046692607, 0.7996108949416343]",2
passive_ordered,98,1175,0.8086900129701687,"[0.8093385214007782, 0.8132295719844358, 0.8035019455252919]",2
passive_ordered,99,1185,0.8041504539559016,"[0.8073929961089494, 0.7996108949416343, 0.8054474708171206]",2
passive_ordered,100,1195,0.7944228274967574,"[0.791828793774319, 0.791828793774319, 0.7996108949416343]",2
active_random,1,206,0.5512321660181582,"[0.5603112840466926, 0.5486381322957199, 0.5447470817120622]",2
active_random,2,216,0.566147859922179,"[0.5700389105058365, 0.5603112840466926, 0.5680933852140078]",2
active_random,3,226,0.5804150453955901,"[0.5758754863813229, 0.5875486381322957, 0.5778210116731517]",2
active_random,4,236,0.5817120622568094,"[0.585603112840467, 0.5797665369649806, 0.5797665369649806]",2
active_random,5,246,0.6044098573281452,"[0.6089494163424124, 0.6050583657587548, 0.5992217898832685]",2
active_random,6,256,0.6089494163424124,"[0.6089494163424124, 0.6070038910505836, 0.6108949416342413]",2
active_random,7,266,0.6108949416342413,"[0.6147859922178989, 0.6108949416342413, 0.6070038910505836]",2
active_random,8,276,0.6173800259403373,"[0.6264591439688716, 0.6089494163424124, 0.6167315175097277]",2
active_random,9,286,0.6465629053177692,"[0.6439688715953308, 0.6478599221789884, 0.6478599221789884]",2
active_random,10,296,0.6556420233463035,"[0.6498054474708171, 0.6575875486381323, 0.6595330739299611]",2
active_random,11,306,0.6543450064850843,"[0.6478599221789884, 0.6556420233463035, 0.6595330739299611]",2
active_random,12,316,0.6614785992217899,"[0.6653696498054474, 0.6575875486381323, 0.6614785992217899]",2
active_random,13,326,0.6601815823605707,"[0.6634241245136187, 0.6536964980544747, 0.6634241245136187]",2
active_random,14,336,0.6699092088197146,"[0.6712062256809338, 0.6653696498054474, 0.6731517509727627]",2
active_random,15,346,0.6796368352788585,"[0.6867704280155642, 0.6809338521400778, 0.6712062256809338]",2
active_random,16,356,0.6783398184176394,"[0.6809338521400778, 0.6750972762645915, 0.6789883268482491]",2
active_random,17,366,0.6854734111543449,"[0.6945525291828794, 0.6770428015564203, 0.6848249027237354]",2
active_random,18,376,0.6945525291828792,"[0.6984435797665369, 0.7003891050583657, 0.6848249027237354]",2
active_random,19,386,0.69325551232166,"[0.688715953307393, 0.688715953307393, 0.7023346303501945]",2
active_random,20,396,0.699740596627756,"[0.7042801556420234, 0.7023346303501945, 0.6926070038910506]",2
active_random,21,406,0.7010376134889754,"[0.6984435797665369, 0.6964980544747081, 0.708171206225681]",2
active_random,22,416,0.708171206225681,"[0.7062256809338522, 0.7178988326848249, 0.7003891050583657]",2
active_random,23,426,0.7127107652399481,"[0.7101167315175098, 0.7120622568093385, 0.7159533073929961]",2
active_random,24,436,0.72568093385214,"[0.7198443579766537, 0.7237354085603113, 0.7334630350194552]",2
active_random,25,446,0.7341115434500649,"[0.7334630350194552, 0.7295719844357976, 0.7392996108949417]",2
active_random,26,456,0.7412451361867705,"[0.7392996108949417, 0.7470817120622568, 0.7373540856031129]",2
active_random,27,466,0.7438391699092088,"[0.7392996108949417, 0.7412451361867705, 0.7509727626459144]",2
active_random,28,476,0.7470817120622568,"[0.7509727626459144, 0.7470817120622568, 0.7431906614785992]",2
active_random,29,486,0.7509727626459144,"[0.7509727626459144, 0.7529182879377432, 0.7490272373540856]",2
active_random,30,496,0.751621271076524,"[0.7529182879377432, 0.745136186770428, 0.7568093385214008]",2
active_random,31,506,0.7522697795071336,"[0.7509727626459144, 0.7470817120622568, 0.7587548638132295]",2
active_random,32,516,0.7535667963683528,"[0.7587548638132295, 0.7431906614785992, 0.7587548638132295]",2
active_random,33,526,0.7535667963683528,"[0.7509727626459144, 0.754863813229572, 0.754863813229572]",2
active_random,34,536,0.7607003891050583,"[0.7665369649805448, 0.754863813229572, 0.7607003891050583]",2
active_random,35,546,0.75810635538262,"[0.7529182879377432, 0.7607003891050583, 0.7607003891050583]",2
active_random,36,556,0.7607003891050583,"[0.7626459143968871, 0.7587548638132295, 0.7607003891050583]",2
active_random,37,566,0.7678339818417639,"[0.7645914396887159, 0.7665369649805448, 0.7723735408560312]",2
active_random,38,576,0.7678339818417639,"[0.7645914396887159, 0.7665369649805448, 0.7723735408560312]",2
active_random,39,586,0.7684824902723735,"[0.77431906614786, 0.7626459143968871, 0.7684824902723736]",2
active_random,40,596,0.771076523994812,"[0.7723735408560312, 0.7665369649805448, 0.77431906614786]",2
active_random,41,606,0.7723735408560312,"[0.7684824902723736, 0.77431906614786, 0.77431906614786]",2
active_random,42,616,0.7730220492866408,"[0.7723735408560312, 0.7684824902723736, 0.7782101167315175]",2
active_random,43,626,0.7730220492866408,"[0.7665369649805448, 0.77431906614786, 0.7782101167315175]",2
active_random,44,636,0.7808041504539559,"[0.7782101167315175, 0.7821011673151751, 0.7821011673151751]",2
active_random,45,646,0.7762645914396887,"[0.7782101167315175, 0.77431906614786, 0.7762645914396887]",2
active_random,46,656,0.7775616083009079,"[0.7723735408560312, 0.7762645914396887, 0.7840466926070039]",2
active_random,47,666,0.7866407263294423,"[0.7782101167315175, 0.7898832684824902, 0.791828793774319]",2
active_random,48,676,0.7827496757457847,"[0.7879377431906615, 0.7762645914396887, 0.7840466926070039]",2
active_random,49,686,0.7795071335927367,"[0.7801556420233463, 0.77431906614786, 0.7840466926070039]",2
active_random,50,696,0.7911802853437094,"[0.7898832684824902, 0.7801556420233463, 0.8035019455252919]",2
active_random,51,706,0.7814526588845655,"[0.7840466926070039, 0.77431906614786, 0.7859922178988327]",2
active_random,52,716,0.7833981841763943,"[0.7821011673151751, 0.7859922178988327, 0.7821011673151751]",2
active_random,53,726,0.7879377431906615,"[0.7821011673151751, 0.8015564202334631, 0.7801556420233463]",2
active_random,54,736,0.7924773022049286,"[0.7898832684824902, 0.7976653696498055, 0.7898832684824902]",2
active_random,55,746,0.788586251621271,"[0.7957198443579766, 0.7801556420233463, 0.7898832684824902]",2
active_random,56,756,0.7924773022049286,"[0.7957198443579766, 0.7898832684824902, 0.791828793774319]",2
active_random,57,766,0.7905317769130998,"[0.7898832684824902, 0.7898832684824902, 0.791828793774319]",2
active_random,58,776,0.7931258106355382,"[0.7898832684824902, 0.791828793774319, 0.7976653696498055]",2
active_random,59,786,0.7963683527885862,"[0.7957198443579766, 0.791828793774319, 0.8015564202334631]",2
active_random,60,796,0.7996108949416344,"[0.7957198443579766, 0.7996108949416343, 0.8035019455252919]",2
active_random,61,806,0.7989623865110248,"[0.7976653696498055, 0.7996108949416343, 0.7996108949416343]",2
active_random,62,816,0.7963683527885862,"[0.8015564202334631, 0.7976653696498055, 0.7898832684824902]",2
active_random,63,826,0.795071335927367,"[0.7976653696498055, 0.7957198443579766, 0.791828793774319]",2
active_random,64,836,0.7989623865110248,"[0.7937743190661478, 0.8015564202334631, 0.8015564202334631]",2
active_random,65,846,0.7989623865110246,"[0.8035019455252919, 0.7976653696498055, 0.7957198443579766]",2
active_random,66,856,0.7996108949416344,"[0.7976653696498055, 0.7996108949416343, 0.8015564202334631]",2
active_random,67,866,0.8047989623865112,"[0.7996108949416343, 0.8073929961089494, 0.8073929961089494]",2
active_random,68,876,0.8015564202334632,"[0.8035019455252919, 0.791828793774319, 0.8093385214007782]",2
active_random,69,886,0.8015564202334632,"[0.7976653696498055, 0.8054474708171206, 0.8015564202334631]",2
active_random,70,896,0.8086900129701687,"[0.8132295719844358, 0.8132295719844358, 0.7996108949416343]",2
active_random,71,906,0.8041504539559016,"[0.8035019455252919, 0.7957198443579766, 0.8132295719844358]",2
active_random,72,916,0.803501945525292,"[0.8015564202334631, 0.8054474708171206, 0.8035019455252919]",2
active_random,73,926,0.8041504539559013,"[0.811284046692607, 0.8054474708171206, 0.7957198443579766]",2
active_random,74,936,0.7976653696498056,"[0.7976653696498055, 0.7957198443579766, 0.7996108949416343]",2
active_random,75,946,0.8112840466926071,"[0.8073929961089494, 0.8132295719844358, 0.8132295719844358]",2
active_random,76,956,0.8177691309987031,"[0.8249027237354085, 0.8210116731517509, 0.8073929961089494]",2
active_random,77,966,0.8164721141374839,"[0.8093385214007782, 0.8190661478599222, 0.8210116731517509]",2
active_random,78,976,0.8138780804150455,"[0.8210116731517509, 0.811284046692607, 0.8093385214007782]",2
active_random,79,986,0.8236057068741894,"[0.8326848249027238, 0.8249027237354085, 0.8132295719844358]",2
active_random,80,996,0.8229571984435798,"[0.8190661478599222, 0.8346303501945526, 0.8151750972762646]",2
active_random,81,1006,0.8158236057068743,"[0.8229571984435797, 0.8132295719844358, 0.811284046692607]",2
active_random,82,1016,0.8223086900129702,"[0.8229571984435797, 0.8229571984435797, 0.8210116731517509]",2
active_random,83,1026,0.8164721141374839,"[0.8190661478599222, 0.811284046692607, 0.8190661478599222]",2
active_random,84,1036,0.8190661478599223,"[0.8151750972762646, 0.8229571984435797, 0.8190661478599222]",2
active_random,85,1046,0.8197146562905319,"[0.8249027237354085, 0.8151750972762646, 0.8190661478599222]",2
active_random,86,1056,0.8255512321660182,"[0.830739299610895, 0.8249027237354085, 0.8210116731517509]",2
active_random,87,1066,0.8145265888456551,"[0.8151750972762646, 0.8151750972762646, 0.8132295719844358]",2
active_random,88,1076,0.8261997405966278,"[0.8287937743190662, 0.8249027237354085, 0.8249027237354085]",2
active_random,89,1086,0.8229571984435798,"[0.8365758754863813, 0.811284046692607, 0.8210116731517509]",2
active_random,90,1096,0.8229571984435798,"[0.8249027237354085, 0.8132295719844358, 0.830739299610895]",2
active_random,91,1106,0.8236057068741894,"[0.8229571984435797, 0.8210116731517509, 0.8268482490272373]",2
active_random,92,1116,0.8236057068741894,"[0.8268482490272373, 0.8229571984435797, 0.8210116731517509]",2
active_random,93,1126,0.8236057068741894,"[0.8210116731517509, 0.8229571984435797, 0.8268482490272373]",2
active_random,94,1136,0.8158236057068743,"[0.8132295719844358, 0.8132295719844358, 0.8210116731517509]",2
active_random,95,1146,0.8261997405966278,"[0.8229571984435797, 0.8249027237354085, 0.830739299610895]",2
active_random,96,1156,0.8229571984435798,"[0.8229571984435797, 0.8249027237354085, 0.8210116731517509]",2
active_random,97,1166,0.8197146562905319,"[0.8287937743190662, 0.8151750972762646, 0.8151750972762646]",2
active_random,98,1176,0.827496757457847,"[0.8229571984435797, 0.8287937743190662, 0.830739299610895]",2
active_random,99,1186,0.8294422827496758,"[0.8346303501945526, 0.830739299610895, 0.8229571984435797]",2
active_random,100,1196,0.8236057068741894,"[0.8404669260700389, 0.8132295719844358, 0.8171206225680934]",2
active_ordered,1,205,0.44422827496757455,"[0.44357976653696496, 0.4474708171206226, 0.44163424124513617]",2
active_ordered,2,215,0.4805447470817121,"[0.48249027237354086, 0.4727626459143969, 0.48638132295719844]",2
active_ordered,3,225,0.5149156939040207,"[0.5155642023346303, 0.5136186770428015, 0.5155642023346303]",2
active_ordered,4,235,0.5175097276264591,"[0.5136186770428015, 0.5214007782101168, 0.5175097276264592]",2
active_ordered,5,245,0.5577172503242542,"[0.556420233463035, 0.5642023346303502, 0.5525291828793775]",2
active_ordered,6,255,0.5888456549935149,"[0.5875486381322957, 0.5875486381322957, 0.5914396887159533]",2
active_ordered,7,265,0.5933852140077821,"[0.5953307392996109, 0.5933852140077821, 0.5914396887159533]",2
active_ordered,8,275,0.6057068741893645,"[0.6167315175097277, 0.5992217898832685, 0.6011673151750972]",2
active_ordered,9,285,0.6264591439688716,"[0.6303501945525292, 0.6167315175097277, 0.632295719844358]",2
active_ordered,10,295,0.6472114137483787,"[0.6400778210116731, 0.6459143968871596, 0.6556420233463035]",2
active_ordered,11,305,0.6491569390402075,"[0.6614785992217899, 0.6459143968871596, 0.6400778210116731]",2
active_ordered,12,315,0.6634241245136187,"[0.6828793774319066, 0.642023346303502, 0.6653696498054474]",2
active_ordered,13,325,0.6575875486381323,"[0.6634241245136187, 0.6556420233463035, 0.6536964980544747]",2
active_ordered,14,335,0.6848249027237353,"[0.6984435797665369, 0.6595330739299611, 0.6964980544747081]",2
active_ordered,15,345,0.6906614785992219,"[0.6653696498054474, 0.7003891050583657, 0.7062256809338522]",2
active_ordered,16,355,0.6750972762645914,"[0.6517509727626459, 0.6770428015564203, 0.6964980544747081]",2
active_ordered,17,365,0.6939040207522699,"[0.708171206225681, 0.669260700389105, 0.7042801556420234]",2
active_ordered,18,375,0.6984435797665368,"[0.708171206225681, 0.6867704280155642, 0.7003891050583657]",2
active_ordered,19,385,0.6952010376134888,"[0.7159533073929961, 0.6867704280155642, 0.6828793774319066]",2
active_ordered,20,395,0.7159533073929961,"[0.7023346303501945, 0.7217898832684825, 0.7237354085603113]",2
active_ordered,21,405,0.7250324254215306,"[0.7062256809338522, 0.7295719844357976, 0.7392996108949417]",2
active_ordered,22,415,0.7153047989623865,"[0.7120622568093385, 0.7140077821011673, 0.7198443579766537]",2
active_ordered,23,425,0.7269779507133592,"[0.7178988326848249, 0.7315175097276264, 0.7315175097276264]",2
active_ordered,24,435,0.7321660181582361,"[0.7295719844357976, 0.7373540856031129, 0.7295719844357976]",2
active_ordered,25,445,0.7328145265888457,"[0.7237354085603113, 0.7431906614785992, 0.7315175097276264]",2
active_ordered,26,455,0.7315175097276265,"[0.7178988326848249, 0.72568093385214, 0.7509727626459144]",2
active_ordered,27,465,0.754863813229572,"[0.7607003891050583, 0.7509727626459144, 0.7529182879377432]",2
active_ordered,28,475,0.7509727626459144,"[0.745136186770428, 0.7568093385214008, 0.7509727626459144]",2
active_ordered,29,485,0.7542153047989624,"[0.7568093385214008, 0.7509727626459144, 0.754863813229572]",2
active_ordered,30,495,0.75810635538262,"[0.7607003891050583, 0.754863813229572, 0.7587548638132295]",2
active_ordered,31,505,0.75810635538262,"[0.7607003891050583, 0.7587548638132295, 0.754863813229572]",2
active_ordered,32,515,0.7652399481193255,"[0.7645914396887159, 0.7665369649805448, 0.7645914396887159]",2
active_ordered,33,525,0.771076523994812,"[0.7684824902723736, 0.7704280155642024, 0.77431906614786]",2
active_ordered,34,535,0.7691309987029831,"[0.7645914396887159, 0.7645914396887159, 0.7782101167315175]",2
active_ordered,35,545,0.7671854734111543,"[0.7762645914396887, 0.7626459143968871, 0.7626459143968871]",2
active_ordered,36,555,0.7775616083009079,"[0.7762645914396887, 0.7723735408560312, 0.7840466926070039]",2
active_ordered,37,565,0.7827496757457847,"[0.7821011673151751, 0.7821011673151751, 0.7840466926070039]",2
active_ordered,38,575,0.7775616083009078,"[0.7957198443579766, 0.7607003891050583, 0.7762645914396887]",2
active_ordered,39,585,0.7782101167315175,"[0.7782101167315175, 0.7801556420233463, 0.7762645914396887]",2
active_ordered,40,595,0.7801556420233463,"[0.7821011673151751, 0.7762645914396887, 0.7821011673151751]",2
active_ordered,41,605,0.7808041504539559,"[0.7821011673151751, 0.7782101167315175, 0.7821011673151751]",2
active_ordered,42,615,0.7846952010376135,"[0.791828793774319, 0.7859922178988327, 0.7762645914396887]",2
active_ordered,43,625,0.7866407263294423,"[0.7898832684824902, 0.7782101167315175, 0.791828793774319]",2
active_ordered,44,635,0.7846952010376135,"[0.7879377431906615, 0.7859922178988327, 0.7801556420233463]",2
active_ordered,45,645,0.7827496757457847,"[0.7898832684824902, 0.7762645914396887, 0.7821011673151751]",2
active_ordered,46,655,0.7872892347600519,"[0.7898832684824902, 0.7859922178988327, 0.7859922178988327]",2
active_ordered,47,665,0.7801556420233463,"[0.7840466926070039, 0.77431906614786, 0.7821011673151751]",2
active_ordered,48,675,0.7814526588845655,"[0.7801556420233463, 0.7801556420233463, 0.7840466926070039]",2
active_ordered,49,685,0.7833981841763943,"[0.7859922178988327, 0.7898832684824902, 0.77431906614786]",2
active_ordered,50,695,0.7879377431906615,"[0.7898832684824902, 0.7898832684824902, 0.7840466926070039]",2
active_ordered,51,705,0.7879377431906615,"[0.7859922178988327, 0.7782101167315175, 0.7996108949416343]",2
active_ordered,52,715,0.7872892347600519,"[0.791828793774319, 0.7879377431906615, 0.7821011673151751]",2
active_ordered,53,725,0.7892347600518806,"[0.791828793774319, 0.7879377431906615, 0.7879377431906615]",2
active_ordered,54,735,0.7898832684824902,"[0.791828793774319, 0.7879377431906615, 0.7898832684824902]",2
active_ordered,55,745,0.7937743190661478,"[0.7996108949416343, 0.791828793774319, 0.7898832684824902]",2
active_ordered,56,755,0.7931258106355382,"[0.7859922178988327, 0.7957198443579766, 0.7976653696498055]",2
active_ordered,57,765,0.7957198443579768,"[0.7976653696498055, 0.7898832684824902, 0.7996108949416343]",2
active_ordered,58,775,0.8022049286640726,"[0.8035019455252919, 0.8073929961089494, 0.7957198443579766]",2
active_ordered,59,785,0.800259403372244,"[0.7996108949416343, 0.8015564202334631, 0.7996108949416343]",2
active_ordered,60,795,0.8002594033722438,"[0.8093385214007782, 0.7996108949416343, 0.791828793774319]",2
active_ordered,61,805,0.8073929961089495,"[0.811284046692607, 0.8054474708171206, 0.8054474708171206]",2
active_ordered,62,815,0.8041504539559016,"[0.8054474708171206, 0.8035019455252919, 0.8035019455252919]",2
active_ordered,63,825,0.7996108949416344,"[0.8015564202334631, 0.7957198443579766, 0.8015564202334631]",2
active_ordered,64,835,0.80674448767834,"[0.8035019455252919, 0.8093385214007782, 0.8073929961089494]",2
active_ordered,65,845,0.8086900129701687,"[0.8093385214007782, 0.8132295719844358, 0.8035019455252919]",2
active_ordered,66,855,0.8119325551232167,"[0.8093385214007782, 0.811284046692607, 0.8151750972762646]",2
active_ordered,67,865,0.8054474708171208,"[0.8015564202334631, 0.8073929961089494, 0.8073929961089494]",2
active_ordered,68,875,0.803501945525292,"[0.8035019455252919, 0.7996108949416343, 0.8073929961089494]",2
active_ordered,69,885,0.8119325551232167,"[0.8073929961089494, 0.8093385214007782, 0.8190661478599222]",2
active_ordered,70,895,0.8132295719844359,"[0.811284046692607, 0.8151750972762646, 0.8132295719844358]",2
active_ordered,71,905,0.8106355382619975,"[0.8151750972762646, 0.8073929961089494, 0.8093385214007782]",2
active_ordered,72,915,0.8145265888456551,"[0.8210116731517509, 0.8035019455252919, 0.8190661478599222]",2
active_ordered,73,925,0.8132295719844359,"[0.8073929961089494, 0.8210116731517509, 0.811284046692607]",2
active_ordered,74,935,0.8164721141374839,"[0.8171206225680934, 0.8073929961089494, 0.8249027237354085]",2
active_ordered,75,945,0.8171206225680935,"[0.8190661478599222, 0.8210116731517509, 0.811284046692607]",2
active_ordered,76,955,0.8197146562905319,"[0.8171206225680934, 0.8190661478599222, 0.8229571984435797]",2
active_ordered,77,965,0.8184176394293127,"[0.8210116731517509, 0.8151750972762646, 0.8190661478599222]",2
active_ordered,78,975,0.8171206225680935,"[0.8249027237354085, 0.8073929961089494, 0.8190661478599222]",2
active_ordered,79,985,0.8171206225680935,"[0.8132295719844358, 0.8190661478599222, 0.8190661478599222]",2
active_ordered,80,995,0.8164721141374839,"[0.8229571984435797, 0.8151750972762646, 0.811284046692607]",2
active_ordered,81,1005,0.821011673151751,"[0.8190661478599222, 0.8171206225680934, 0.8268482490272373]",2
active_ordered,82,1015,0.8197146562905319,"[0.8132295719844358, 0.8268482490272373, 0.8190661478599222]",2
active_ordered,83,1025,0.8236057068741894,"[0.8229571984435797, 0.8249027237354085, 0.8229571984435797]",2
active_ordered,84,1035,0.821011673151751,"[0.8132295719844358, 0.8249027237354085, 0.8249027237354085]",2
active_ordered,85,1045,0.824254215304799,"[0.8365758754863813, 0.8190661478599222, 0.8171206225680934]",2
active_ordered,86,1055,0.8261997405966278,"[0.830739299610895, 0.8229571984435797, 0.8249027237354085]",2
active_ordered,87,1065,0.8223086900129702,"[0.8268482490272373, 0.8229571984435797, 0.8171206225680934]",2
active_ordered,88,1075,0.8184176394293127,"[0.8093385214007782, 0.8171206225680934, 0.8287937743190662]",2
active_ordered,89,1085,0.8249027237354086,"[0.8229571984435797, 0.8190661478599222, 0.8326848249027238]",2
active_ordered,90,1095,0.8203631647211415,"[0.8132295719844358, 0.8210116731517509, 0.8268482490272373]",2
active_ordered,91,1105,0.8216601815823606,"[0.8210116731517509, 0.8190661478599222, 0.8249027237354085]",2
active_ordered,92,1115,0.8261997405966278,"[0.8268482490272373, 0.8287937743190662, 0.8229571984435797]",2
active_ordered,93,1125,0.8223086900129702,"[0.8287937743190662, 0.8171206225680934, 0.8210116731517509]",2
active_ordered,94,1135,0.824254215304799,"[0.8151750972762646, 0.8326848249027238, 0.8249027237354085]",2
active_ordered,95,1145,0.8190661478599223,"[0.8151750972762646, 0.8229571984435797, 0.8190661478599222]",2
active_ordered,96,1155,0.8164721141374839,"[0.8171206225680934, 0.8229571984435797, 0.8093385214007782]",2
active_ordered,97,1165,0.8261997405966278,"[0.8249027237354085, 0.8249027237354085, 0.8287937743190662]",2
active_ordered,98,1175,0.821011673151751,"[0.8287937743190662, 0.8171206225680934, 0.8171206225680934]",2
active_ordered,99,1185,0.8171206225680935,"[0.8210116731517509, 0.8190661478599222, 0.811284046692607]",2
active_ordered,100,1195,0.8216601815823606,"[0.8210116731517509, 0.8268482490272373, 0.8171206225680934]",2
